R0_est,beta,gamma,sigma,peak_infectious,time_to_peak
1.1592253278338172,0.3864084426112724,0.3333333333333333,0.5,594.145665892089,273
