parameter,value
N,100000
latent_period,2
infectious_period,3
sigma,0.5
gamma,0.3333333333333333
fitted_beta,0.34137686293622166
fitted_rho,999.9999999999998
R0_est,1.0241305888086651
S0,99999
E0,1
I0,0
R0_initial,0
